"","ligandreceptor_pair"
"1","A2M->LRP1"
"2","AANAT->MTNR1A"
"3","AANAT->MTNR1B"
"4","ACE->BDKRB2"
"5","ADAM10->EPHA3"
"6","ADAM11->ITGA4"
"7","ADAM12->ITGA9"
"8","ADAM12->ITGB1"
"9","ADAM12->SDC4"
"10","ADAM15->ITGA5"
"11","ADAM15->ITGA9"
"12","ADAM15->ITGAV"
"13","ADAM15->ITGB1"
"14","ADAM15->ITGB3"
"15","ADAM17->ITGA5"
"16","ADAM17->ITGB1"
"17","ADAM17->NOTCH1"
"18","ADAM2->ITGA6"
"19","ADAM2->ITGA9"
"20","ADAM2->ITGB1"
"21","ADAM2->ITGB7"
"22","ADAM23->ITGA4"
"23","ADAM23->ITGA5"
"24","ADAM23->ITGB3"
"25","ADAM28->ITGA4"
"26","ADAM29->ITGA4"
"27","ADAM7->ITGA4"
"28","ADAM7->ITGB7"
"29","ADAM9->ITGA3"
"30","ADAM9->ITGA6"
"31","ADAM9->ITGAV"
"32","ADAM9->ITGB1"
"33","ADAM9->ITGB5"
"34","ADCYAP1->ADCYAP1R1"
"35","ADCYAP1->SCTR"
"36","ADCYAP1->VIPR1"
"37","ADCYAP1->VIPR2"
"38","ADGRB1->RTN4R"
"39","ADGRB1->RTN4RL1"
"40","ADGRB1->RTN4RL2"
"41","ADGRE5->CD55"
"42","ADIPOQ->ADIPOR1"
"43","ADIPOQ->ADIPOR2"
"44","ADM->CALCR"
"45","ADM->CALCRL"
"46","ADM->MRGPRX2"
"47","ADM->RAMP2"
"48","ADM->RAMP3"
"49","ADM2->CALCR"
"50","ADM2->CALCRL"
"51","ADM2->RAMP1"
"52","ADM2->RAMP2"
"53","ADM2->RAMP3"
"54","AFDN->EPHA7"
"55","AFDN->EPHB2"
"56","AFDN->EPHB3"
"57","AFDN->EPHB6"
"58","AFDN->F11R"
"59","AFDN->NECTIN1"
"60","AFDN->NECTIN2"
"61","AFDN->NECTIN3"
"62","AFDN->NECTIN4"
"63","AGRN->ATP1A3"
"64","AGRN->DAG1"
"65","AGRN->LRP4"
"66","AGRN->MUSK"
"67","AGRP->MC3R"
"68","AGRP->MC4R"
"69","AGRP->MC5R"
"70","AGRP->SDC3"
"71","AGT->AGTR1"
"72","AGT->AGTR2"
"73","AGT->LRP2"
"74","AGT->MAS1"
"75","AHSG->INSR"
"76","ALB->LRP2"
"77","ALCAM->CD6"
"78","ALCAM->CHL1"
"79","ALCAM->L1CAM"
"80","ALCAM->NRP1"
"81","ALKAL1->ALK"
"82","ALKAL1->LTK"
"83","ALKAL2->ALK"
"84","ALKAL2->LTK"
"85","AMBN->CD63"
"86","AMELX->CD63"
"87","AMELX->LAMP1"
"88","AMELX->LAMP2"
"89","AMELY->CD63"
"90","AMELY->LAMP1"
"91","AMELY->LAMP2"
"92","AMH->ACVR1"
"93","AMH->AMHR2"
"94","AMH->EGFR"
"95","ANG->PLXNB2"
"96","ANGPT1->ITGA5"
"97","ANGPT1->ITGB1"
"98","ANGPT1->TEK"
"99","ANGPT1->TIE1"
"100","ANGPT2->TEK"
"101","ANGPT2->TIE1"
"102","ANGPT4->TEK"
"103","ANGPTL1->TEK"
"104","ANGPTL2->ITGA5"
"105","ANGPTL2->ITGB1"
"106","ANGPTL2->LILRB2"
"107","ANGPTL3->ITGA5"
"108","ANGPTL3->ITGAV"
"109","ANGPTL3->ITGB3"
"110","ANOS1->FGFR1"
"111","ANOS1->SDC2"
"112","ANPEP->SELE"
"113","ANXA1->DYSF"
"114","ANXA1->EGFR"
"115","ANXA1->FPR1"
"116","ANXA1->FPR2"
"117","ANXA1->FPR3"
"118","ANXA2->ROBO4"
"119","ANXA2->TLR2"
"120","APELA->APLNR"
"121","APLN->APLNR"
"122","APOB->ENO1"
"123","APOB->LDLR"
"124","APOB->LRP2"
"125","APOB->LSR"
"126","APOB->OLR1"
"127","APOD->LEPR"
"128","APOE->LDLR"
"129","APOE->LRP1"
"130","APOE->LRP2"
"131","APOE->LRP5"
"132","APOE->LRP8"
"133","APOE->SCARB1"
"134","APOE->SORL1"
"135","APOE->VLDLR"
"136","APP->CAV1"
"137","APP->CD74"
"138","APP->FPR2"
"139","APP->GPC1"
"140","APP->LRP1"
"141","APP->NCSTN"
"142","APP->TNFRSF21"
"143","AREG->EGFR"
"144","AREG->ERBB3"
"145","ARF1->CHRM3"
"146","ARF1->INSR"
"147","ARF1->PLD2"
"148","ARTN->GFRA1"
"149","ARTN->GFRA3"
"150","ARTN->RET"
"151","ASIP->ATRN"
"152","ASIP->F11R"
"153","ASIP->MC1R"
"154","ASIP->MC2R"
"155","ASIP->MC3R"
"156","ASIP->MC4R"
"157","ASIP->MC5R"
"158","AVP->AVPR1A"
"159","AVP->AVPR1B"
"160","AVP->AVPR2"
"161","AVP->OXTR"
"162","AZGP1->ITGAV"
"163","B2M->CD1A"
"164","B2M->CD1B"
"165","B2M->HLA-F"
"166","B2M->LILRB1"
"167","BAG6->NCR3"
"168","BDNF->NGFR"
"169","BDNF->NTRK2"
"170","BDNF->SORT1"
"171","BGN->FGFR3"
"172","BGN->TLR2"
"173","BGN->TLR4"
"174","BMP10->ACVR2A"
"175","BMP10->ACVRL1"
"176","BMP10->BMPR1A"
"177","BMP10->BMPR1B"
"178","BMP10->BMPR2"
"179","BMP10->ENG"
"180","BMP15->ACVR2A"
"181","BMP15->BMPR1A"
"182","BMP15->BMPR1B"
"183","BMP15->BMPR2"
"184","BMP2->ACVR2A"
"185","BMP2->ACVR2B"
"186","BMP2->BMPR1A"
"187","BMP2->BMPR1B"
"188","BMP2->BMPR2"
"189","BMP2->ENG"
"190","BMP2->HJV"
"191","BMP2->RGMB"
"192","BMP3->ACVR2B"
"193","BMP4->BMPR1A"
"194","BMP4->BMPR1B"
"195","BMP4->BMPR2"
"196","BMP4->CFC1"
"197","BMP4->RGMB"
"198","BMP5->HJV"
"199","BMP6->ACVR1"
"200","BMP6->ACVR2A"
"201","BMP6->BMPR1A"
"202","BMP6->BMPR1B"
"203","BMP6->BMPR2"
"204","BMP6->HJV"
"205","BMP7->ACVR1"
"206","BMP7->ACVR2A"
"207","BMP7->ACVR2B"
"208","BMP7->BMPR1A"
"209","BMP7->BMPR1B"
"210","BMP7->BMPR2"
"211","BMP7->ENG"
"212","BMP7->HJV"
"213","BMP8A->ACVR2A"
"214","BMP8A->ACVR2B"
"215","BMP8A->BMPR1A"
"216","BMP8A->BMPR2"
"217","BMP8A->TGFBR1"
"218","BMP8A->TGFBR2"
"219","BSG->SELE"
"220","BSG->SLC16A1"
"221","BSG->SLC16A7"
"222","BST2->LILRA4"
"223","BTC->EGFR"
"224","BTC->ERBB2"
"225","BTC->ERBB3"
"226","BTC->ERBB4"
"227","BTLA->CD79A"
"228","BTLA->TNFRSF14"
"229","BTLA->VTCN1"
"230","C1QA->CD33"
"231","C1QA->CD93"
"232","C1QA->CSPG4"
"233","C1QB->CD33"
"234","C1QB->LRP1"
"235","C1QTNF1->AVPR2"
"236","C3->C3AR1"
"237","C3->C5AR2"
"238","C3->CD19"
"239","C3->CD46"
"240","C3->CR1"
"241","C3->CR2"
"242","C3->ITGAM"
"243","C3->ITGAX"
"244","C3->ITGB2"
"245","C3->LRP1"
"246","C3->NRP1"
"247","C4A->C3AR1"
"248","C4A->C5AR2"
"249","C4A->CR1"
"250","C4A->NRP1"
"251","C4B->CD46"
"252","C4B->CR1"
"253","C4BPA->BMPR2"
"254","C4BPA->CD40"
"255","C4BPA->LRP1"
"256","C5->C5AR1"
"257","C5->C5AR2"
"258","CADM1->CADM1"
"259","CADM1->CADM3"
"260","CADM1->CRTAM"
"261","CADM1->NECTIN3"
"262","CADM3->CADM1"
"263","CADM3->CADM3"
"264","CADM3->NECTIN1"
"265","CADM3->NECTIN3"
"266","CALCA->CALCR"
"267","CALCA->CALCRL"
"268","CALCA->RAMP1"
"269","CALCA->RAMP2"
"270","CALCB->CALCR"
"271","CALCB->CALCRL"
"272","CALCB->RAMP1"
"273","CALR->ITGA3"
"274","CALR->ITGAV"
"275","CALR->LRP1"
"276","CALR->MTNR1A"
"277","CALR->SCARF1"
"278","CALR->TSHR"
"279","CAMP->FPR2"
"280","CCK->CCKAR"
"281","CCK->CCKBR"
"282","CCL1->CCR8"
"283","CCL11->ACKR2"
"284","CCL11->ACKR4"
"285","CCL11->CCR2"
"286","CCL11->CCR3"
"287","CCL11->CCR5"
"288","CCL11->CXCR3"
"289","CCL13->ACKR2"
"290","CCL13->ACKR4"
"291","CCL13->CCR2"
"292","CCL13->CCR3"
"293","CCL13->CCR5"
"294","CCL13->CXCR3"
"295","CCL14->ACKR2"
"296","CCL14->CCR1"
"297","CCL14->CCR3"
"298","CCL14->CCR5"
"299","CCL15->CCR1"
"300","CCL15->CCR3"
"301","CCL16->CCR1"
"302","CCL16->CCR2"
"303","CCL16->CCR5"
"304","CCL16->CCR8"
"305","CCL16->HRH4"
"306","CCL17->ACKR1"
"307","CCL17->ACKR2"
"308","CCL17->CCR4"
"309","CCL17->CCR8"
"310","CCL18->CCR3"
"311","CCL18->CCR8"
"312","CCL18->PITPNM3"
"313","CCL19->ACKR2"
"314","CCL19->ACKR4"
"315","CCL19->CCR10"
"316","CCL19->CCR7"
"317","CCL19->CCRL2"
"318","CCL19->CXCR3"
"319","CCL2->ACKR1"
"320","CCL2->ACKR2"
"321","CCL2->ACKR4"
"322","CCL2->CCR1"
"323","CCL2->CCR10"
"324","CCL2->CCR2"
"325","CCL2->CCR3"
"326","CCL2->CCR4"
"327","CCL2->CCR5"
"328","CCL20->ACKR4"
"329","CCL20->CCR6"
"330","CCL20->CXCR3"
"331","CCL21->ACKR2"
"332","CCL21->ACKR4"
"333","CCL21->CCR10"
"334","CCL21->CCR7"
"335","CCL21->CXCR3"
"336","CCL22->ACKR2"
"337","CCL22->CCR4"
"338","CCL23->CCR1"
"339","CCL24->CCR2"
"340","CCL24->CCR3"
"341","CCL25->ACKR2"
"342","CCL25->ACKR4"
"343","CCL25->CCR10"
"344","CCL25->CCR9"
"345","CCL26->CCR1"
"346","CCL26->CCR2"
"347","CCL26->CCR3"
"348","CCL27->ACKR2"
"349","CCL27->CCR10"
"350","CCL28->ACKR2"
"351","CCL28->CCR10"
"352","CCL28->CCR3"
"353","CCL3->ACKR2"
"354","CCL3->CCR1"
"355","CCL3->CCR3"
"356","CCL3->CCR4"
"357","CCL3->CCR5"
"358","CCL3L1->ACKR2"
"359","CCL3L1->CCR1"
"360","CCL3L1->CCR3"
"361","CCL3L1->CCR5"
"362","CCL3L3->ACKR2"
"363","CCL3L3->CCR5"
"364","CCL4->ACKR2"
"365","CCL4->CCR1"
"366","CCL4->CCR3"
"367","CCL4->CCR5"
"368","CCL4->CCR8"
"369","CCL4L1->CCR1"
"370","CCL4L1->CCR3"
"371","CCL4L1->CCR5"
"372","CCL5->ACKR1"
"373","CCL5->ACKR2"
"374","CCL5->CCR1"
"375","CCL5->CCR3"
"376","CCL5->CCR4"
"377","CCL5->CCR5"
"378","CCL5->CXCR3"
"379","CCL5->GPR75"
"380","CCL5->SDC1"
"381","CCL5->SDC4"
"382","CCL7->ACKR1"
"383","CCL7->ACKR2"
"384","CCL7->ACKR4"
"385","CCL7->CCR1"
"386","CCL7->CCR10"
"387","CCL7->CCR2"
"388","CCL7->CCR3"
"389","CCL7->CCR5"
"390","CCL7->CXCR3"
"391","CCL8->ACKR1"
"392","CCL8->ACKR2"
"393","CCL8->ACKR4"
"394","CCL8->CCR1"
"395","CCL8->CCR2"
"396","CCL8->CCR3"
"397","CCL8->CCR5"
"398","CCN1->ITGA5"
"399","CCN1->ITGAM"
"400","CCN1->ITGAV"
"401","CCN1->ITGB2"
"402","CCN1->ITGB3"
"403","CCN1->ITGB5"
"404","CCN1->SDC4"
"405","CCN2->FGFR2"
"406","CCN2->IGF2R"
"407","CCN2->ITGA5"
"408","CCN2->ITGAM"
"409","CCN2->ITGB2"
"410","CCN2->LRP1"
"411","CCN2->LRP6"
"412","CCN2->NTRK1"
"413","CCN3->NOTCH1"
"414","CCN4->ITGA5"
"415","CCN4->ITGB1"
"416","CD14->ITGA4"
"417","CD14->ITGB1"
"418","CD160->TNFRSF14"
"419","CD177->PECAM1"
"420","CD1D->LILRB2"
"421","CD2->CD48"
"422","CD200->CD200R1"
"423","CD200->CD200R1L"
"424","CD200R1->CD200"
"425","CD209->ICAM3"
"426","CD22->PTPRC"
"427","CD226->NECTIN2"
"428","CD226->PVR"
"429","CD24->SELP"
"430","CD244->CD48"
"431","CD274->CD80"
"432","CD274->PDCD1"
"433","CD28->CD80"
"434","CD28->CD86"
"435","CD34->SELE"
"436","CD34->SELL"
"437","CD34->SELP"
"438","CD38->PECAM1"
"439","CD40LG->CD40"
"440","CD44->SELE"
"441","CD47->SIRPA"
"442","CD47->SIRPG"
"443","CD48->CD2"
"444","CD48->CD244"
"445","CD52->SIGLEC10"
"446","CD55->ADGRE5"
"447","CD58->CD2"
"448","CD59->CD2"
"449","CD5L->CD5"
"450","CD6->ALCAM"
"451","CD70->CD27"
"452","CD80->CD274"
"453","CD80->CD28"
"454","CD80->CTLA4"
"455","CD84->CD84"
"456","CD86->CD28"
"457","CD86->CTLA4"
"458","CD9->L1CAM"
"459","CD96->NECTIN1"
"460","CD96->PVR"
"461","CD99->PILRA"
"462","CD99->PILRB"
"463","CDH1->EGFR"
"464","CDH1->IGF1R"
"465","CDH1->ITGAE"
"466","CDH1->ITGB7"
"467","CDH1->KLRG1"
"468","CDH1->PTPRM"
"469","CEACAM1->CD209"
"470","CEACAM1->HAVCR2"
"471","CEACAM1->SELE"
"472","CEACAM5->CD1D"
"473","CEACAM5->CD8A"
"474","CEACAM6->CEACAM8"
"475","CEACAM8->CEACAM1"
"476","CEL->CXCR4"
"477","CFH->ITGAM"
"478","CFH->SELL"
"479","CFP->NCR1"
"480","CGA->LHCGR"
"481","CGB3->LHCGR"
"482","CGN->F11R"
"483","CHAD->ITGA2"
"484","CHAD->ITGB1"
"485","CIRBP->TREM1"
"486","CLCF1->CNTFR"
"487","CLCF1->CRLF1"
"488","CLCF1->IL6ST"
"489","CLCF1->LIFR"
"490","CLEC11A->ITGA10"
"491","CLEC11A->ITGA11"
"492","CLEC11A->ITGB1"
"493","CLEC2A->KLRF2"
"494","CLEC2B->KLRF1"
"495","CLEC2D->KLRB1"
"496","CLEC4G->LAG3"
"497","CNTF->CNTFR"
"498","CNTF->IL6R"
"499","CNTF->IL6ST"
"500","CNTF->LIFR"
"501","CNTN1->NOTCH1"
"502","CNTN1->NOTCH2"
"503","CNTN1->PTPRZ1"
"504","CNTN2->CNTN1"
"505","CNTN2->CNTNAP2"
"506","CNTN2->NRCAM"
"507","CNTN4->PTPRG"
"508","CNTN6->NOTCH1"
"509","COL11A1->DDR1"
"510","COL14A1->CD44"
"511","COL18A1->GPC1"
"512","COL18A1->GPC4"
"513","COL18A1->ITGA5"
"514","COL18A1->ITGB1"
"515","COL18A1->KDR"
"516","COL18A1->PTPRS"
"517","COL1A1->CD36"
"518","COL1A1->CD44"
"519","COL1A1->CD93"
"520","COL1A1->DDR1"
"521","COL1A1->DDR2"
"522","COL1A1->GP6"
"523","COL1A1->ITGA11"
"524","COL1A1->ITGA2"
"525","COL1A1->ITGA5"
"526","COL1A1->ITGB1"
"527","COL1A2->CD44"
"528","COL1A2->CD93"
"529","COL1A2->GP6"
"530","COL1A2->ITGA11"
"531","COL1A2->ITGA2"
"532","COL1A2->ITGB1"
"533","COL1A2->ITGB3"
"534","COL2A1->DDR1"
"535","COL2A1->ITGA10"
"536","COL2A1->ITGA2"
"537","COL2A1->ITGB1"
"538","COL2A1->MAG"
"539","COL2A1->TNFRSF10A"
"540","COL3A1->DDR1"
"541","COL3A1->DDR2"
"542","COL3A1->MAG"
"543","COL4A1->CD93"
"544","COL4A1->ITGA1"
"545","COL4A1->ITGAV"
"546","COL4A1->ITGB1"
"547","COL4A1->ITGB8"
"548","COL4A2->CD93"
"549","COL4A3->CD47"
"550","COL4A3->CD93"
"551","COL4A3->ITGAV"
"552","COL4A5->CD93"
"553","COL4A6->CD93"
"554","COL5A1->SDC3"
"555","COL5A2->DDR1"
"556","COL5A3->SDC3"
"557","COL8A1->ITGA1"
"558","COL8A1->ITGA2"
"559","COL9A1->MAG"
"560","COL9A2->MAG"
"561","COL9A3->MAG"
"562","COLQ->MUSK"
"563","COMP->CD47"
"564","COMP->ITGA5"
"565","COMP->ITGB3"
"566","CORT->GHSR"
"567","CORT->MRGPRX2"
"568","CORT->SSTR1"
"569","CORT->SSTR2"
"570","CORT->SSTR3"
"571","CORT->SSTR4"
"572","CORT->SSTR5"
"573","CP->SLC40A1"
"574","CPAMD8->SCTR"
"575","CRH->CRHR1"
"576","CRH->CRHR2"
"577","CRLF1->CNTFR"
"578","CRP->OLR1"
"579","CRTAM->CADM1"
"580","CSF1->CSF1R"
"581","CSF2->CSF2RA"
"582","CSF2->CSF2RB"
"583","CSF2->CSF3R"
"584","CSF2->IL3RA"
"585","CSF2->SDC2"
"586","CSF3->CSF3R"
"587","CSH1->PRLR"
"588","CTF1->IL6ST"
"589","CTF1->LIFR"
"590","CTHRC1->FZD3"
"591","CTHRC1->FZD5"
"592","CTHRC1->FZD6"
"593","CTHRC1->ROR2"
"594","CX3CL1->CX3CR1"
"595","CX3CL1->ITGAV"
"596","CX3CL1->ITGB3"
"597","CXADR->CXADR"
"598","CXADR->JAML"
"599","CXCL1->ACKR1"
"600","CXCL1->CXCR1"
"601","CXCL1->CXCR2"
"602","CXCL10->CCR3"
"603","CXCL10->CXCR3"
"604","CXCL10->SDC4"
"605","CXCL11->ACKR3"
"606","CXCL11->CCR3"
"607","CXCL11->CXCR3"
"608","CXCL12->ACKR3"
"609","CXCL12->CD4"
"610","CXCL12->CXCR3"
"611","CXCL12->CXCR4"
"612","CXCL12->ITGA4"
"613","CXCL12->ITGA5"
"614","CXCL12->ITGAV"
"615","CXCL12->ITGB1"
"616","CXCL12->ITGB3"
"617","CXCL13->ACKR4"
"618","CXCL13->CCR10"
"619","CXCL13->CXCR3"
"620","CXCL13->CXCR5"
"621","CXCL14->CXCR4"
"622","CXCL16->CXCR6"
"623","CXCL17->GPR35"
"624","CXCL2->CXCR1"
"625","CXCL2->CXCR2"
"626","CXCL2->XCR1"
"627","CXCL3->CXCR1"
"628","CXCL3->CXCR2"
"629","CXCL5->ACKR1"
"630","CXCL5->CXCR1"
"631","CXCL5->CXCR2"
"632","CXCL6->CXCR1"
"633","CXCL6->CXCR2"
"634","CXCL8->ACKR1"
"635","CXCL8->CXCR1"
"636","CXCL8->CXCR2"
"637","CXCL8->SDC1"
"638","CXCL8->SDC2"
"639","CXCL9->CCR3"
"640","CXCL9->CXCR3"
"641","CYTL1->CCR2"
"642","DAG1->LAMA4"
"643","DCN->EGFR"
"644","DCN->ERBB4"
"645","DCN->MET"
"646","DCN->TLR2"
"647","DCN->TLR4"
"648","DEFB1->CCR6"
"649","DEFB103A->CCR6"
"650","DEFB103B->CCR2"
"651","DEFB103B->CCR6"
"652","DEFB106A->CCR2"
"653","DEFB4A->CCR6"
"654","DEFB4A->TLR4"
"655","DEFB4B->CCR6"
"656","DHH->BOC"
"657","DHH->CDON"
"658","DHH->HHIP"
"659","DHH->PTCH1"
"660","DHH->PTCH2"
"661","DKK1->KREMEN1"
"662","DKK1->KREMEN2"
"663","DKK1->LRP4"
"664","DKK1->LRP5"
"665","DKK1->LRP6"
"666","DKK2->KREMEN1"
"667","DKK2->KREMEN2"
"668","DKK2->LRP5"
"669","DKK2->LRP6"
"670","DKK4->KREMEN1"
"671","DKK4->KREMEN2"
"672","DKK4->LRP6"
"673","DLK1->NOTCH1"
"674","DLK1->NOTCH2"
"675","DLK1->NOTCH3"
"676","DLK1->NOTCH4"
"677","DLK2->NOTCH1"
"678","DLL1->NOTCH1"
"679","DLL1->NOTCH2"
"680","DLL1->NOTCH3"
"681","DLL1->NOTCH4"
"682","DLL3->NOTCH1"
"683","DLL3->NOTCH2"
"684","DLL3->NOTCH3"
"685","DLL3->NOTCH4"
"686","DLL4->NOTCH1"
"687","DLL4->NOTCH2"
"688","DLL4->NOTCH3"
"689","DLL4->NOTCH4"
"690","DNAJB11->PRTG"
"691","DSC1->DSG1"
"692","DSC1->DSG2"
"693","DSC1->DSG3"
"694","DSC1->DSG4"
"695","DSC2->DSG1"
"696","DSC2->DSG2"
"697","DSC2->DSG3"
"698","DSC2->DSG4"
"699","DSC3->DSG1"
"700","DSC3->DSG2"
"701","DSC3->DSG3"
"702","DSC3->DSG4"
"703","DSG1->DSC3"
"704","DSG2->DSC1"
"705","DSG2->DSC3"
"706","DSPP->ITGB6"
"707","EBI3->IL27RA"
"708","EBI3->IL6ST"
"709","ECM1->ITGB4"
"710","EDA->EDA2R"
"711","EDA->EDAR"
"712","EDIL3->ITGB3"
"713","EDN1->EDNRA"
"714","EDN1->EDNRB"
"715","EDN1->KEL"
"716","EDN2->EDNRA"
"717","EDN2->EDNRB"
"718","EDN2->KEL"
"719","EDN3->EDNRA"
"720","EDN3->EDNRB"
"721","EDN3->KEL"
"722","EFEMP1->EGFR"
"723","EFNA1->EPHA1"
"724","EFNA1->EPHA2"
"725","EFNA1->EPHA3"
"726","EFNA1->EPHA4"
"727","EFNA1->EPHA5"
"728","EFNA1->EPHA6"
"729","EFNA1->EPHA7"
"730","EFNA1->EPHA8"
"731","EFNA2->EPHA1"
"732","EFNA2->EPHA2"
"733","EFNA2->EPHA3"
"734","EFNA2->EPHA4"
"735","EFNA2->EPHA5"
"736","EFNA2->EPHA6"
"737","EFNA2->EPHA7"
"738","EFNA2->EPHA8"
"739","EFNA3->EPHA1"
"740","EFNA3->EPHA2"
"741","EFNA3->EPHA3"
"742","EFNA3->EPHA4"
"743","EFNA3->EPHA5"
"744","EFNA3->EPHA6"
"745","EFNA3->EPHA7"
"746","EFNA3->EPHA8"
"747","EFNA3->EPHB1"
"748","EFNA4->EPHA1"
"749","EFNA4->EPHA2"
"750","EFNA4->EPHA3"
"751","EFNA4->EPHA4"
"752","EFNA4->EPHA5"
"753","EFNA4->EPHA6"
"754","EFNA4->EPHA7"
"755","EFNA4->EPHA8"
"756","EFNA5->EPHA1"
"757","EFNA5->EPHA2"
"758","EFNA5->EPHA3"
"759","EFNA5->EPHA4"
"760","EFNA5->EPHA5"
"761","EFNA5->EPHA6"
"762","EFNA5->EPHA7"
"763","EFNA5->EPHA8"
"764","EFNA5->EPHB1"
"765","EFNA5->EPHB2"
"766","EFNA5->EPHB6"
"767","EFNB1->EPHA4"
"768","EFNB1->EPHB1"
"769","EFNB1->EPHB2"
"770","EFNB1->EPHB3"
"771","EFNB1->EPHB4"
"772","EFNB1->EPHB6"
"773","EFNB1->ERBB2"
"774","EFNB2->EPHA3"
"775","EFNB2->EPHA4"
"776","EFNB2->EPHA6"
"777","EFNB2->EPHB1"
"778","EFNB2->EPHB2"
"779","EFNB2->EPHB3"
"780","EFNB2->EPHB4"
"781","EFNB2->EPHB6"
"782","EFNB2->GRM1"
"783","EFNB2->GRM5"
"784","EFNB2->PECAM1"
"785","EFNB2->RHBDL2"
"786","EFNB3->EPHA4"
"787","EFNB3->EPHB1"
"788","EFNB3->EPHB2"
"789","EFNB3->EPHB3"
"790","EFNB3->EPHB4"
"791","EFNB3->EPHB6"
"792","EFNB3->RHBDL2"
"793","EGF->EGFR"
"794","EGF->ERBB2"
"795","EGF->ERBB3"
"796","EGF->ERBB4"
"797","ENAM->CD63"
"798","ENHO->GPR19"
"799","EPCAM->EPCAM"
"800","EPGN->EGFR"
"801","EPHA4->EFNB1"
"802","EPO->CRLF3"
"803","EPO->EPHB4"
"804","EPO->EPOR"
"805","EREG->EGFR"
"806","EREG->ERBB4"
"807","F10->F3"
"808","F11->GP1BA"
"809","F11R->JAM2"
"810","F12->GP1BA"
"811","F13A1->ITGA4"
"812","F13A1->ITGA9"
"813","F13A1->ITGB1"
"814","F2->F2R"
"815","F2->F2RL1"
"816","F2->F2RL2"
"817","F2->F2RL3"
"818","F2->GP1BA"
"819","F2->GP9"
"820","F2->ITGA2B"
"821","F2->THBD"
"822","F7->F3"
"823","F8->ASGR2"
"824","F8->LDLR"
"825","F8->LRP1"
"826","F9->LRP1"
"827","FAM3C->LIFR"
"828","FAM3D->FPR1"
"829","FAM3D->FPR2"
"830","FASLG->FAS"
"831","FASLG->TNFRSF6B"
"832","FAT4->DCHS1"
"833","FBLN1->ITGB1"
"834","FBN1->ITGA5"
"835","FBN1->ITGAV"
"836","FBN1->ITGB1"
"837","FBN1->ITGB3"
"838","FCER2->CR2"
"839","FCN2->LRP1"
"840","FGA->ITGA2B"
"841","FGA->ITGA5"
"842","FGA->ITGAM"
"843","FGA->ITGAV"
"844","FGA->ITGAX"
"845","FGA->ITGB1"
"846","FGA->ITGB2"
"847","FGA->ITGB3"
"848","FGA->TLR4"
"849","FGB->ITGA2B"
"850","FGB->ITGA5"
"851","FGB->ITGAM"
"852","FGB->ITGAV"
"853","FGB->ITGB1"
"854","FGB->ITGB2"
"855","FGB->TLR4"
"856","FGF1->CD44"
"857","FGF1->CSPG4"
"858","FGF1->FGFR1"
"859","FGF1->FGFR2"
"860","FGF1->FGFR3"
"861","FGF1->FGFR4"
"862","FGF1->NRP1"
"863","FGF10->FGFR1"
"864","FGF10->FGFR2"
"865","FGF10->FGFRL1"
"866","FGF13->SCN5A"
"867","FGF13->SCN8A"
"868","FGF16->FGFR2"
"869","FGF16->FGFR3"
"870","FGF16->FGFR4"
"871","FGF17->FGFR1"
"872","FGF17->FGFR2"
"873","FGF17->FGFR3"
"874","FGF17->FGFR4"
"875","FGF18->FGFR1"
"876","FGF18->FGFR2"
"877","FGF18->FGFR3"
"878","FGF18->FGFR4"
"879","FGF19->FGFR1"
"880","FGF19->FGFR2"
"881","FGF19->FGFR3"
"882","FGF19->FGFR4"
"883","FGF19->KLB"
"884","FGF2->CD44"
"885","FGF2->FGFR1"
"886","FGF2->FGFR2"
"887","FGF2->FGFR3"
"888","FGF2->FGFR4"
"889","FGF2->FGFRL1"
"890","FGF2->GPC4"
"891","FGF2->NRP1"
"892","FGF2->SDC1"
"893","FGF2->SDC2"
"894","FGF2->SDC3"
"895","FGF2->SDC4"
"896","FGF20->FGFR1"
"897","FGF20->FGFR2"
"898","FGF20->FGFR3"
"899","FGF20->FGFR4"
"900","FGF21->FGFR4"
"901","FGF22->FGFR1"
"902","FGF22->FGFR2"
"903","FGF22->FGFRL1"
"904","FGF23->FGFR1"
"905","FGF23->FGFR2"
"906","FGF23->FGFR3"
"907","FGF23->FGFR4"
"908","FGF23->KL"
"909","FGF3->FGFR1"
"910","FGF3->FGFR2"
"911","FGF3->FGFR3"
"912","FGF3->FGFR4"
"913","FGF3->FGFRL1"
"914","FGF4->FGFR1"
"915","FGF4->FGFR2"
"916","FGF4->FGFR3"
"917","FGF4->FGFR4"
"918","FGF4->FGFRL1"
"919","FGF4->NRP1"
"920","FGF5->FGFR1"
"921","FGF5->FGFR2"
"922","FGF5->FGFR3"
"923","FGF5->FGFR4"
"924","FGF6->FGFR1"
"925","FGF6->FGFR2"
"926","FGF6->FGFR3"
"927","FGF6->FGFR4"
"928","FGF7->FGFR1"
"929","FGF7->FGFR2"
"930","FGF7->FGFR3"
"931","FGF7->NRP1"
"932","FGF8->FGFR1"
"933","FGF8->FGFR2"
"934","FGF8->FGFR3"
"935","FGF8->FGFR4"
"936","FGF8->FGFRL1"
"937","FGF9->FGFR1"
"938","FGF9->FGFR2"
"939","FGF9->FGFR3"
"940","FGF9->FGFR4"
"941","FGG->ITGA2B"
"942","FGG->ITGA5"
"943","FGG->ITGAV"
"944","FGG->ITGB1"
"945","FGG->ITGB2"
"946","FGG->TLR4"
"947","FGL1->EGFR"
"948","FGL1->LAG3"
"949","FLT3LG->FLT3"
"950","FN1->CD44"
"951","FN1->COL13A1"
"952","FN1->ITGA2"
"953","FN1->ITGA2B"
"954","FN1->ITGA4"
"955","FN1->ITGA5"
"956","FN1->ITGA8"
"957","FN1->ITGA9"
"958","FN1->ITGAV"
"959","FN1->ITGB1"
"960","FN1->ITGB3"
"961","FN1->ITGB6"
"962","FN1->ITGB7"
"963","FN1->ITGB8"
"964","FN1->MAG"
"965","FN1->NT5E"
"966","FN1->PLAUR"
"967","FN1->SDC2"
"968","FN1->TNFRSF11B"
"969","FN1->TSHR"
"970","FNDC5->ITGAV"
"971","FNDC5->ITGB5"
"972","FSHB->FSHR"
"973","FSTL1->DIP2A"
"974","FZD8->CKAP4"
"975","GAL->GALR1"
"976","GAL->GALR2"
"977","GAL->GALR3"
"978","GAL->GPR151"
"979","GALP->GALR1"
"980","GALP->GALR2"
"981","GALP->GALR3"
"982","GAS6->AXL"
"983","GAS6->MERTK"
"984","GAS6->TYRO3"
"985","GAST->CCKBR"
"986","GCG->GCGR"
"987","GCG->GLP1R"
"988","GCG->GLP2R"
"989","GDF1->ACVR1"
"990","GDF1->BMPR1A"
"991","GDF1->BMPR2"
"992","GDF11->ACVR1B"
"993","GDF11->ACVR2A"
"994","GDF11->ACVR2B"
"995","GDF15->GFRAL"
"996","GDF2->ACVR1"
"997","GDF2->ACVR2A"
"998","GDF2->ACVR2B"
"999","GDF2->ACVRL1"
"1000","GDF2->BMPR2"
"1001","GDF2->ENG"
"1002","GDF3->TDGF1"
"1003","GDF5->ACVR1"
"1004","GDF5->ACVR2A"
"1005","GDF5->ACVR2B"
"1006","GDF5->BMPR1A"
"1007","GDF5->BMPR1B"
"1008","GDF5->BMPR2"
"1009","GDF5->ROR2"
"1010","GDF6->BMPR1A"
"1011","GDF6->BMPR1B"
"1012","GDF6->BMPR2"
"1013","GDF7->ACVR2A"
"1014","GDF7->BMPR1A"
"1015","GDF7->BMPR2"
"1016","GDF9->ACVR2A"
"1017","GDF9->BMPR1A"
"1018","GDF9->BMPR1B"
"1019","GDF9->BMPR2"
"1020","GDF9->TGFBR1"
"1021","GDNF->GFRA1"
"1022","GDNF->GFRA2"
"1023","GDNF->RET"
"1024","GH1->GHR"
"1025","GH1->PRLR"
"1026","GH2->GHR"
"1027","GHRH->GHRHR"
"1028","GHRH->VIPR1"
"1029","GHRL->GHSR"
"1030","GHRL->GPR39"
"1031","GHRL->MLNR"
"1032","GIP->DPP4"
"1033","GIP->GIPR"
"1034","GLG1->SELE"
"1035","GNAI2->ADCY1"
"1036","GNAI2->ADORA1"
"1037","GNAI2->ADRA2A"
"1038","GNAI2->ADRA2B"
"1039","GNAI2->AGTR2"
"1040","GNAI2->C5AR1"
"1041","GNAI2->CAV1"
"1042","GNAI2->CCR5"
"1043","GNAI2->CNR1"
"1044","GNAI2->CXCR1"
"1045","GNAI2->CXCR2"
"1046","GNAI2->EDNRA"
"1047","GNAI2->EGFR"
"1048","GNAI2->F2R"
"1049","GNAI2->FPR1"
"1050","GNAI2->IGF1R"
"1051","GNAI2->LHCGR"
"1052","GNAI2->LPAR3"
"1053","GNAI2->MTNR1A"
"1054","GNAI2->MTNR1B"
"1055","GNAI2->OPRD1"
"1056","GNAI2->OPRM1"
"1057","GNAI2->P2RY12"
"1058","GNAI2->TBXA2R"
"1059","GNAI2->TSHR"
"1060","GNAS->ADRB2"
"1061","GNAS->AVPR2"
"1062","GNAS->CRHR1"
"1063","GNAS->GCGR"
"1064","GNAS->LHCGR"
"1065","GNAS->PTGDR"
"1066","GNAS->TSHR"
"1067","GNAS->VIPR1"
"1068","GNRH1->GNRHR"
"1069","GNRH2->GNRHR"
"1070","GPC3->CD81"
"1071","GPC3->IGF1R"
"1072","GPHA2->TSHR"
"1073","GPHB5->TSHR"
"1074","GPI->AMFR"
"1075","GREM1->KDR"
"1076","GRN->SORT1"
"1077","GRN->TNFRSF1A"
"1078","GRN->TNFRSF1B"
"1079","GRP->BRS3"
"1080","GRP->GRPR"
"1081","GRP->NMBR"
"1082","GUCA2A->GUCY2C"
"1083","GUCA2B->GUCY2C"
"1084","GUCA2B->GUCY2D"
"1085","GZMB->CHRM3"
"1086","GZMB->IGF2R"
"1087","HAS2->CD44"
"1088","HAS2->HMMR"
"1089","HAVCR1->CD300LB"
"1090","HAVCR1->HAVCR1"
"1091","HBEGF->CD44"
"1092","HBEGF->CD82"
"1093","HBEGF->CD9"
"1094","HBEGF->EGFR"
"1095","HBEGF->ERBB2"
"1096","HBEGF->ERBB4"
"1097","HCRT->HCRTR1"
"1098","HCRT->HCRTR2"
"1099","HCRT->NPFFR2"
"1100","HEBP1->FPR3"
"1101","HGF->CD44"
"1102","HGF->MET"
"1103","HGF->SDC1"
"1104","HGF->SDC2"
"1105","HGF->ST14"
"1106","HHLA2->TMIGD2"
"1107","HLA-A->APLP2"
"1108","HLA-A->ERBB2"
"1109","HLA-A->KIR3DL1"
"1110","HLA-A->KIR3DL2"
"1111","HLA-A->LILRB1"
"1112","HLA-A->LILRB2"
"1113","HLA-B->CANX"
"1114","HLA-B->KIR2DL3"
"1115","HLA-B->KIR3DL1"
"1116","HLA-B->KIR3DL2"
"1117","HLA-B->KLRD1"
"1118","HLA-B->LILRB1"
"1119","HLA-B->LILRB2"
"1120","HLA-C->KIR2DL1"
"1121","HLA-C->KIR2DL3"
"1122","HLA-C->KIR2DS4"
"1123","HLA-C->LILRA3"
"1124","HLA-C->LILRB1"
"1125","HLA-C->LILRB2"
"1126","HLA-E->KLRC1"
"1127","HLA-E->KLRC2"
"1128","HLA-E->KLRD1"
"1129","HLA-E->KLRK1"
"1130","HLA-F->KIR3DL1"
"1131","HLA-F->KIR3DL2"
"1132","HLA-F->LILRB1"
"1133","HLA-F->LILRB2"
"1134","HLA-G->KIR2DL4"
"1135","HLA-G->KLRC1"
"1136","HLA-G->KLRD1"
"1137","HLA-G->LILRB1"
"1138","HLA-G->LILRB2"
"1139","HMGB1->HAVCR2"
"1140","HMGB1->SDC1"
"1141","HMGB1->THBD"
"1142","HP->CD163"
"1143","HP->ITGAM"
"1144","HP->ITGB2"
"1145","HRAS->AGTR1"
"1146","HRAS->CAV1"
"1147","HRAS->INSR"
"1148","HRG->FCGR1A"
"1149","HSP90AA1->CFTR"
"1150","HSP90AA1->EGFR"
"1151","HSP90AA1->FGFR3"
"1152","HSPG2->COL13A1"
"1153","HSPG2->ITGA2"
"1154","HSPG2->ITGB1"
"1155","HSPG2->PTPRS"
"1156","IAPP->CALCR"
"1157","IAPP->RAMP1"
"1158","IAPP->RAMP2"
"1159","ICAM1->IL2RA"
"1160","ICAM1->ITGAL"
"1161","ICAM1->ITGAM"
"1162","ICAM1->ITGAX"
"1163","ICAM1->ITGB2"
"1164","ICAM1->SPN"
"1165","ICAM2->ITGAL"
"1166","ICAM2->ITGAM"
"1167","ICAM2->ITGB2"
"1168","ICAM3->CD209"
"1169","ICAM3->CLEC4M"
"1170","ICAM3->ITGAD"
"1171","ICAM3->ITGAL"
"1172","ICAM3->ITGB2"
"1173","ICAM4->ITGA2B"
"1174","ICAM4->ITGA4"
"1175","ICAM4->ITGAL"
"1176","ICAM4->ITGAM"
"1177","ICAM4->ITGAV"
"1178","ICAM4->ITGB1"
"1179","ICAM4->ITGB2"
"1180","ICAM4->ITGB3"
"1181","ICAM5->ITGAL"
"1182","ICAM5->ITGB2"
"1183","ICOSLG->CD28"
"1184","ICOSLG->CTLA4"
"1185","ICOS->ICOSLG"
"1186","ICOSLG->ICOS"
"1187","IFNA1->IFNAR1"
"1188","IFNA1->IFNAR2"
"1189","IFNA10->IFNAR1"
"1190","IFNA10->IFNAR2"
"1191","IFNA13->IFNAR1"
"1192","IFNA13->IFNAR2"
"1193","IFNA14->IFNAR1"
"1194","IFNA14->IFNAR2"
"1195","IFNA16->IFNAR1"
"1196","IFNA16->IFNAR2"
"1197","IFNA17->IFNAR1"
"1198","IFNA17->IFNAR2"
"1199","IFNA2->IFNAR1"
"1200","IFNA2->IFNAR2"
"1201","IFNA21->IFNAR1"
"1202","IFNA21->IFNAR2"
"1203","IFNA4->IFNAR1"
"1204","IFNA4->IFNAR2"
"1205","IFNA5->IFNAR1"
"1206","IFNA5->IFNAR2"
"1207","IFNA6->IFNAR1"
"1208","IFNA6->IFNAR2"
"1209","IFNA7->IFNAR1"
"1210","IFNA7->IFNAR2"
"1211","IFNA8->IFNAR1"
"1212","IFNA8->IFNAR2"
"1213","IFNB1->IFNAR1"
"1214","IFNB1->IFNAR2"
"1215","IFNE->IFNAR1"
"1216","IFNE->IFNAR2"
"1217","IFNG->IFNGR1"
"1218","IFNG->IFNGR2"
"1219","IFNK->IFNAR1"
"1220","IFNK->IFNAR2"
"1221","IFNL1->IFNLR1"
"1222","IFNL1->IL10RB"
"1223","IFNL2->IFNLR1"
"1224","IFNL2->IL10RB"
"1225","IFNL3->IFNLR1"
"1226","IFNL3->IL10RB"
"1227","IFNL4->IFNLR1"
"1228","IFNL4->IL10RB"
"1229","IFNW1->IFNAR1"
"1230","IFNW1->IFNAR2"
"1231","IGF1->IGF1R"
"1232","IGF2->IGF1R"
"1233","IGF2->IGF2R"
"1234","IGF2->INSR"
"1235","IGFBP4->FZD8"
"1236","IGFBP4->LRP6"
"1237","IGFL1->IGFLR1"
"1238","IGFL2->IGFLR1"
"1239","IGFL3->IGFLR1"
"1240","IGSF11->VSIR"
"1241","IHH->BOC"
"1242","IHH->CDON"
"1243","IHH->HHIP"
"1244","IHH->PTCH1"
"1245","IHH->PTCH2"
"1246","IL10->IL10RA"
"1247","IL10->IL10RB"
"1248","IL11->IL11RA"
"1249","IL11->IL6ST"
"1250","IL12A->IL12RB1"
"1251","IL12A->IL12RB2"
"1252","IL12B->IL12RB1"
"1253","IL12B->IL12RB2"
"1254","IL12B->IL23R"
"1255","IL13->IL13RA1"
"1256","IL13->IL13RA2"
"1257","IL13->IL2RG"
"1258","IL13->IL4R"
"1259","IL15->IL15RA"
"1260","IL15->IL2RA"
"1261","IL15->IL2RB"
"1262","IL15->IL2RG"
"1263","IL16->CD4"
"1264","IL16->GRIN2D"
"1265","IL16->KCNJ10"
"1266","IL16->KCNJ15"
"1267","IL17A->IL17RA"
"1268","IL17A->IL17RC"
"1269","IL17B->IL17RB"
"1270","IL17C->IL17RA"
"1271","IL17C->IL17RE"
"1272","IL17F->IL17RA"
"1273","IL18->IL18R1"
"1274","IL18->IL18RAP"
"1275","IL18->IL1RAPL1"
"1276","IL19->IL20RA"
"1277","IL19->IL20RB"
"1278","IL1A->IL1R1"
"1279","IL1A->IL1R2"
"1280","IL1A->IL1RAP"
"1281","IL1B->IL1R1"
"1282","IL1B->IL1R2"
"1283","IL1B->IL1RAP"
"1284","IL1F10->IL1R1"
"1285","IL1RAPL1->PTPRD"
"1286","IL1RAPL1->PTPRF"
"1287","IL1RAPL1->PTPRS"
"1288","IL1RN->IL1R1"
"1289","IL1RN->IL1R2"
"1290","IL2->CD53"
"1291","IL2->IL2RA"
"1292","IL2->IL2RB"
"1293","IL2->IL2RG"
"1294","IL20->IL20RA"
"1295","IL20->IL20RB"
"1296","IL20->IL22RA1"
"1297","IL21->IL21R"
"1298","IL21->IL2RG"
"1299","IL22->IL10RA"
"1300","IL22->IL10RB"
"1301","IL22->IL22RA1"
"1302","IL22->IL22RA2"
"1303","IL23A->IL12RB1"
"1304","IL23A->IL23R"
"1305","IL24->IL20RA"
"1306","IL24->IL20RB"
"1307","IL24->IL22RA1"
"1308","IL25->IL17RB"
"1309","IL26->IL20RA"
"1310","IL26->IL20RB"
"1311","IL27->IL27RA"
"1312","IL3->CSF2RB"
"1313","IL3->IL3RA"
"1314","IL31->IL31RA"
"1315","IL31->OSMR"
"1316","IL32->ITGB3"
"1317","IL33->IL1RL1"
"1318","IL34->CSF1R"
"1319","IL34->PTPRZ1"
"1320","IL36A->IL1RL2"
"1321","IL36RN->IL1RL2"
"1322","IL4->CD53"
"1323","IL4->IL13RA1"
"1324","IL4->IL13RA2"
"1325","IL4->IL2RG"
"1326","IL4->IL4R"
"1327","IL5->CSF2RB"
"1328","IL5->IL5RA"
"1329","IL6->IL6R"
"1330","IL6->IL6ST"
"1331","IL7->IL2RG"
"1332","IL7->IL7R"
"1333","IL9->IL2RG"
"1334","IL9->IL9R"
"1335","INHA->ACVR2A"
"1336","INHA->TGFBR3"
"1337","INHBA->ACVR1"
"1338","INHBA->ACVR1B"
"1339","INHBA->ACVR1C"
"1340","INHBA->ACVR2A"
"1341","INHBA->ACVR2B"
"1342","INHBA->BAMBI"
"1343","INHBA->ENG"
"1344","INHBA->TGFBR3"
"1345","INHBB->ACVR1"
"1346","INHBB->ACVR1B"
"1347","INHBB->ACVR1C"
"1348","INHBB->ACVR2A"
"1349","INHBB->ACVR2B"
"1350","INHBB->CFC1"
"1351","INHBB->CFC1B"
"1352","INHBC->ACVR2A"
"1353","INHBC->ACVR2B"
"1354","INS->IGF1R"
"1355","INS->INSR"
"1356","INS->LRP2"
"1357","INSL3->RXFP2"
"1358","INSL5->RXFP3"
"1359","INSL5->RXFP4"
"1360","ITGAV->THY1"
"1361","ITGB2->THY1"
"1362","JAG1->CD46"
"1363","JAG1->NOTCH1"
"1364","JAG1->NOTCH2"
"1365","JAG1->NOTCH3"
"1366","JAG1->NOTCH4"
"1367","JAG2->NOTCH1"
"1368","JAG2->NOTCH2"
"1369","JAG2->NOTCH3"
"1370","JAG2->NOTCH4"
"1371","JAM2->F11R"
"1372","JAM2->JAM3"
"1373","JAM3->JAM2"
"1374","JAML->CXADR"
"1375","KIR3DS1->HLA-F"
"1376","KISS1->KISS1R"
"1377","KISS1->MMP24"
"1378","KITLG->KIT"
"1379","KLRB1->CLEC2D"
"1380","KLRF1->CLEC2B"
"1381","KMT2E->NCR2"
"1382","KNG1->BDKRB1"
"1383","KNG1->BDKRB2"
"1384","KNG1->GP1BA"
"1385","KNG1->GPR135"
"1386","KNG1->ITGB2"
"1387","KNG1->PLAUR"
"1388","KNG1->RXFP4"
"1389","L1CAM->ALCAM"
"1390","L1CAM->CD9"
"1391","L1CAM->CNTN1"
"1392","L1CAM->EGFR"
"1393","L1CAM->EPHB2"
"1394","L1CAM->ERBB2"
"1395","L1CAM->ERBB3"
"1396","L1CAM->ITGA5"
"1397","L1CAM->ITGAV"
"1398","L1CAM->PTPRZ1"
"1399","LACRT->SDC1"
"1400","LAMA1->ITGA1"
"1401","LAMA1->ITGA2"
"1402","LAMA1->ITGA7"
"1403","LAMA1->ITGB1"
"1404","LAMA1->ITGB8"
"1405","LAMA1->RPSA"
"1406","LAMA2->DAG1"
"1407","LAMA2->ITGA7"
"1408","LAMA2->ITGB1"
"1409","LAMA2->RPSA"
"1410","LAMA3->SDC2"
"1411","LAMA5->BCAM"
"1412","LAMB1->ITGA6"
"1413","LAMB1->ITGB1"
"1414","LAMB2->RPSA"
"1415","LAMC2->ITGA3"
"1416","LAMC2->ITGA6"
"1417","LAMC2->ITGB1"
"1418","LAMC2->ITGB4"
"1419","LCN1->LMBR1L"
"1420","LCN2->LRP2"
"1421","LEAP2->GHSR"
"1422","LEFTY2->ACVR2B"
"1423","LEP->LEPR"
"1424","LGALS1->CD69"
"1425","LGALS1->ITGB1"
"1426","LGALS1->PTPRC"
"1427","LGALS3->LAG3"
"1428","LGALS3BP->ITGB1"
"1429","LGALS9->CD44"
"1430","LGALS9->HAVCR2"
"1431","LGI1->ADAM11"
"1432","LGI1->ADAM22"
"1433","LGI1->ADAM23"
"1434","LGI1->RTN4R"
"1435","LGI2->ADAM11"
"1436","LGI2->ADAM22"
"1437","LGI2->ADAM23"
"1438","LGI3->ADAM22"
"1439","LGI3->ADAM23"
"1440","LGI3->FLOT1"
"1441","LGI3->STX1A"
"1442","LGI4->ADAM11"
"1443","LGI4->ADAM22"
"1444","LGI4->ADAM23"
"1445","LHB->LHCGR"
"1446","LIF->IL6ST"
"1447","LIF->LIFR"
"1448","LILRB4->LAIR1"
"1449","LIN7C->HTR2C"
"1450","LIPC->LRP1"
"1451","LIPH->LPAR1"
"1452","LIPH->LPAR2"
"1453","LIPH->LPAR4"
"1454","LPA->LRP2"
"1455","LPL->GPIHBP1"
"1456","LPL->LRP1"
"1457","LPL->LRP2"
"1458","LPL->SDC1"
"1459","LPL->VLDLR"
"1460","LRFN3->LRFN3"
"1461","LRFN5->LRFN5"
"1462","LRPAP1->LDLR"
"1463","LRPAP1->LRP1"
"1464","LRPAP1->LRP2"
"1465","LRPAP1->LRP8"
"1466","LRPAP1->SORL1"
"1467","LRPAP1->SORT1"
"1468","LRPAP1->VLDLR"
"1469","LRRC4B->PTPRD"
"1470","LRRC4B->PTPRF"
"1471","LRRC4B->PTPRS"
"1472","LTA->LTBR"
"1473","LTA->TNFRSF14"
"1474","LTA->TNFRSF1A"
"1475","LTA->TNFRSF1B"
"1476","LTB->CD40"
"1477","LTB->LTBR"
"1478","LTB->TNFRSF1A"
"1479","LTBP1->ITGB5"
"1480","LTBP3->ITGB5"
"1481","LTF->LRP1"
"1482","LTF->LRP11"
"1483","LY86->CD180"
"1484","LY9->LY9"
"1485","MADCAM1->CD44"
"1486","MADCAM1->ITGA4"
"1487","MADCAM1->ITGB7"
"1488","MATN1->ITGA1"
"1489","MATN1->ITGB1"
"1490","MBL2->CD93"
"1491","MCAM->MCAM"
"1492","MDK->ALK"
"1493","MDK->ITGA4"
"1494","MDK->ITGA6"
"1495","MDK->ITGB1"
"1496","MDK->LRP1"
"1497","MDK->NOTCH2"
"1498","MDK->PTPRZ1"
"1499","MDK->SDC1"
"1500","MDK->SDC3"
"1501","MDK->SDC4"
"1502","MDK->TSPAN1"
"1503","MELTF->PLG"
"1504","MEPE->PHEX"
"1505","MFGE8->ITGAV"
"1506","MFGE8->ITGB3"
"1507","MFGE8->PDGFRB"
"1508","MFNG->NOTCH1"
"1509","MFNG->NOTCH2"
"1510","MIA->CDH7"
"1511","MICA->KLRK1"
"1512","MICB->KLRK1"
"1513","MIF->CD74"
"1514","MIF->CXCR2"
"1515","MIF->CXCR4"
"1516","MLN->MLNR"
"1517","MMP1->ITGA2"
"1518","MMP12->PLAUR"
"1519","MMP13->LRP1"
"1520","MMP2->SDC2"
"1521","MMP7->CD151"
"1522","MMP7->CD44"
"1523","MMP7->ERBB4"
"1524","MMP9->CD44"
"1525","MMP9->EPHB2"
"1526","MMP9->LRP1"
"1527","MMRN2->CD248"
"1528","MMRN2->CD93"
"1529","MMRN2->CLEC14A"
"1530","MRC1->PTPRC"
"1531","MSMP->CCR2"
"1532","MST1->MST1R"
"1533","MSTN->ACVR2B"
"1534","MUC1->SIGLEC9"
"1535","MUC2->AGR2"
"1536","MUC7->SELL"
"1537","MYL9->CD69"
"1538","MYOC->FZD1"
"1539","MYOC->FZD10"
"1540","MYOC->FZD3"
"1541","MYOC->FZD4"
"1542","MYOC->FZD7"
"1543","NAMPT->INSR"
"1544","NCAM1->FGFR1"
"1545","NCAM1->GFRA1"
"1546","NCAM1->PTPRZ1"
"1547","NCAM1->ROBO1"
"1548","NCAM1->ROBO3"
"1549","NCR3LG1->NCR3"
"1550","NDP->FZD4"
"1551","NDP->LGR4"
"1552","NECTIN1->CADM3"
"1553","NECTIN1->CD96"
"1554","NECTIN1->NECTIN1"
"1555","NECTIN1->NECTIN3"
"1556","NECTIN1->NECTIN4"
"1557","NECTIN2->CD226"
"1558","NECTIN2->CD96"
"1559","NECTIN2->NECTIN2"
"1560","NECTIN2->NECTIN3"
"1561","NECTIN2->PVRIG"
"1562","NECTIN2->TIGIT"
"1563","NECTIN3->CADM1"
"1564","NECTIN3->CADM3"
"1565","NECTIN3->NECTIN2"
"1566","NECTIN3->NECTIN3"
"1567","NECTIN3->PVR"
"1568","NECTIN4->NECTIN4"
"1569","NECTIN4->TIGIT"
"1570","NELL2->ROBO3"
"1571","NGF->NGFR"
"1572","NGF->NTRK1"
"1573","NGF->SORCS3"
"1574","NGF->SORT1"
"1575","NID1->COL13A1"
"1576","NID1->ITGAV"
"1577","NID1->ITGB3"
"1578","NID1->PTPRF"
"1579","NID2->COL13A1"
"1580","NLGN1->NRXN1"
"1581","NLGN1->NRXN2"
"1582","NLGN1->NRXN3"
"1583","NLGN2->NRXN1"
"1584","NLGN2->NRXN2"
"1585","NLGN2->NRXN3"
"1586","NLGN3->NRXN1"
"1587","NLGN3->NRXN2"
"1588","NLGN3->NRXN3"
"1589","NLGN4X->NRXN1"
"1590","NMB->BRS3"
"1591","NMB->GRPR"
"1592","NMB->NMBR"
"1593","NMS->NMUR1"
"1594","NMS->NMUR2"
"1595","NMU->NMUR1"
"1596","NMU->NMUR2"
"1597","NODAL->ACVR1B"
"1598","NODAL->ACVR1C"
"1599","NODAL->ACVR2A"
"1600","NODAL->ACVR2B"
"1601","NODAL->CFC1"
"1602","NODAL->TDGF1"
"1603","NPB->NPBWR1"
"1604","NPB->NPBWR2"
"1605","NPFF->NPFFR1"
"1606","NPFF->NPFFR2"
"1607","NPNT->ITGA8"
"1608","NPNT->ITGB1"
"1609","NPPA->NPR1"
"1610","NPPA->NPR2"
"1611","NPPA->NPR3"
"1612","NPPB->NPR1"
"1613","NPPB->NPR2"
"1614","NPPB->NPR3"
"1615","NPPC->NPR2"
"1616","NPPC->NPR3"
"1617","NPS->NPSR1"
"1618","NPVF->NPFFR1"
"1619","NPVF->NPFFR2"
"1620","NPW->NPBWR1"
"1621","NPW->NPBWR2"
"1622","NPY->FAP"
"1623","NPY->NPFFR2"
"1624","NPY->NPY1R"
"1625","NPY->NPY2R"
"1626","NPY->NPY4R"
"1627","NPY->NPY5R"
"1628","NPY->PRLHR"
"1629","NRG1->ERBB2"
"1630","NRG1->ERBB3"
"1631","NRG1->ERBB4"
"1632","NRG2->ERBB3"
"1633","NRG2->ERBB4"
"1634","NRG3->ERBB4"
"1635","NRG4->ERBB4"
"1636","NRTN->GFRA1"
"1637","NRTN->GFRA2"
"1638","NRTN->RET"
"1639","NTF3->NGFR"
"1640","NTF3->NTRK1"
"1641","NTF3->NTRK2"
"1642","NTF3->NTRK3"
"1643","NTF4->BEX3"
"1644","NTF4->NGFR"
"1645","NTF4->NTRK1"
"1646","NTF4->NTRK2"
"1647","NTN1->ADORA2B"
"1648","NTN1->DCC"
"1649","NTN1->MCAM"
"1650","NTN1->NEO1"
"1651","NTN1->UNC5A"
"1652","NTN1->UNC5B"
"1653","NTN1->UNC5C"
"1654","NTN1->UNC5D"
"1655","NTN3->CDON"
"1656","NTN3->NEO1"
"1657","NTN4->DCC"
"1658","NTN4->UNC5A"
"1659","NTNG1->LRRC4C"
"1660","NTNG2->LRRC4"
"1661","NTRK3->PTPRD"
"1662","NTRK3->PTPRF"
"1663","NTRK3->PTPRS"
"1664","NTS->NTSR1"
"1665","NTS->NTSR2"
"1666","NTS->SORT1"
"1667","NXPH1->NRXN1"
"1668","NXPH1->NRXN2"
"1669","NXPH1->NRXN3"
"1670","NXPH2->NRXN1"
"1671","NXPH3->NRXN1"
"1672","NXPH3->NRXN2"
"1673","NXPH3->NRXN3"
"1674","OMG->LINGO1"
"1675","OMG->RTN4R"
"1676","OMG->RTN4RL1"
"1677","OMG->TNFRSF1B"
"1678","ORM1->CCR5"
"1679","OSM->IL6ST"
"1680","OSM->LIFR"
"1681","OSM->OSMR"
"1682","OSTN->NPR3"
"1683","OXT->AVPR1A"
"1684","OXT->AVPR1B"
"1685","OXT->AVPR2"
"1686","OXT->OXTR"
"1687","PCNA->NCR2"
"1688","PCSK9->VLDLR"
"1689","PDCD1LG2->PDCD1"
"1690","PDCD1LG2->RGMB"
"1691","PDGFA->PDGFRA"
"1692","PDGFB->ART1"
"1693","PDGFB->LRP1"
"1694","PDGFB->PDGFRA"
"1695","PDGFB->PDGFRB"
"1696","PDGFC->PDGFRA"
"1697","PDGFC->PDGFRB"
"1698","PDGFD->PDGFRB"
"1699","PDPN->CLEC1B"
"1700","PDYN->OPRD1"
"1701","PDYN->OPRK1"
"1702","PDYN->OPRM1"
"1703","PECAM1->CD38"
"1704","PENK->MRGPRX1"
"1705","PENK->OGFR"
"1706","PENK->OPRD1"
"1707","PENK->OPRM1"
"1708","PF4->CXCR3"
"1709","PF4->FGFR2"
"1710","PF4->LDLR"
"1711","PF4->PROCR"
"1712","PF4->SDC2"
"1713","PF4->THBD"
"1714","PF4V1->CXCR3"
"1715","PGF->FLT1"
"1716","PGF->NRP1"
"1717","PGF->NRP2"
"1718","PGLYRP1->TREM1"
"1719","PIP->CD4"
"1720","PLA2G10->PLA2R1"
"1721","PLA2G2A->ITGA4"
"1722","PLA2G2A->ITGA5"
"1723","PLA2G2A->ITGAV"
"1724","PLA2G2A->ITGB1"
"1725","PLA2G2A->ITGB3"
"1726","PLAT->LRP1"
"1727","PLAU->IGF2R"
"1728","PLAU->LRP1"
"1729","PLAU->LRP2"
"1730","PLAU->PLAUR"
"1731","PLAU->ST14"
"1732","PLG->F2R"
"1733","PLG->F2RL1"
"1734","PLG->F3"
"1735","PLG->ITGA9"
"1736","PLG->ITGB1"
"1737","PLG->PLGRKT"
"1738","PLTP->ABCA1"
"1739","PMCH->MCHR1"
"1740","PMCH->MCHR2"
"1741","PNOC->OPRL1"
"1742","PODXL->SELL"
"1743","PODXL2->SELL"
"1744","POMC->MC1R"
"1745","POMC->MC2R"
"1746","POMC->MC3R"
"1747","POMC->MC4R"
"1748","POMC->MC5R"
"1749","POMC->OPRD1"
"1750","POMC->OPRK1"
"1751","POMC->OPRM1"
"1752","POSTN->PTK7"
"1753","PPBP->CXCR1"
"1754","PPBP->CXCR2"
"1755","PPY->NPY4R"
"1756","PPY->NPY5R"
"1757","PRG4->TLR2"
"1758","PRG4->TLR4"
"1759","PRL->PRLR"
"1760","PRLH->PRLHR"
"1761","PRND->RPSA"
"1762","PROC->PROCR"
"1763","PROC->TEK"
"1764","PROC->THBD"
"1765","PROK1->PROKR1"
"1766","PROK1->PROKR2"
"1767","PROK2->PROKR1"
"1768","PROK2->PROKR2"
"1769","PROS1->AXL"
"1770","PROS1->MERTK"
"1771","PROS1->TYRO3"
"1772","PSAP->CD1B"
"1773","PSAP->GPR37"
"1774","PSAP->GPR37L1"
"1775","PSAP->LRP1"
"1776","PSEN1->NCSTN"
"1777","PSEN1->NOTCH1"
"1778","PSEN1->NOTCH2"
"1779","PSEN1->NOTCH3"
"1780","PSEN1->NOTCH4"
"1781","PSPN->GFRA1"
"1782","PSPN->GFRA4"
"1783","PSPN->RET"
"1784","PTDSS1->JMJD6"
"1785","PTDSS1->SCARB1"
"1786","PTGS2->CAV1"
"1787","PTGS2->PTGDR2"
"1788","PTH->PTH1R"
"1789","PTH->PTH2R"
"1790","PTH2->PTH1R"
"1791","PTH2->PTH2R"
"1792","PTHLH->PTH1R"
"1793","PTHLH->PTH2R"
"1794","PTMA->VIPR1"
"1795","PTN->ALK"
"1796","PTN->PLXNB2"
"1797","PTN->PTPRB"
"1798","PTN->PTPRS"
"1799","PTN->PTPRZ1"
"1800","PTN->SDC3"
"1801","PTPRC->CD22"
"1802","PTPRC->MRC1"
"1803","PTPRK->PTPRK"
"1804","PTPRM->PTPRM"
"1805","PTPRZ1->L1CAM"
"1806","PTPRZ1->NCAM1"
"1807","PVR->CD226"
"1808","PVR->CD96"
"1809","PVR->NECTIN3"
"1810","PVR->PVRIG"
"1811","PVR->TIGIT"
"1812","PYY->FAP"
"1813","PYY->NPY1R"
"1814","PYY->NPY2R"
"1815","PYY->NPY4R"
"1816","PYY->NPY5R"
"1817","QRFP->P2RY14"
"1818","QRFP->QRFPR"
"1819","RAET1E->KLRK1"
"1820","RAET1G->KLRK1"
"1821","RAET1L->KLRK1"
"1822","RARRES2->CCRL2"
"1823","RARRES2->CMKLR1"
"1824","RARRES2->GPR1"
"1825","RBP3->NOTCH1"
"1826","RBP4->STRA6"
"1827","RELN->ITGA3"
"1828","RELN->ITGB1"
"1829","RELN->LRP8"
"1830","RELN->VLDLR"
"1831","REN->ATP6AP2"
"1832","RGMA->NEO1"
"1833","RGMB->NEO1"
"1834","RLN1->RXFP1"
"1835","RLN1->RXFP2"
"1836","RLN2->RXFP1"
"1837","RLN2->RXFP2"
"1838","RLN2->RXFP3"
"1839","RLN3->RXFP1"
"1840","RLN3->RXFP2"
"1841","RLN3->RXFP3"
"1842","RLN3->RXFP4"
"1843","RNASE2->TLR2"
"1844","ROBO1->ROBO1"
"1845","ROBO2->ROBO2"
"1846","RPH3A->NRXN1"
"1847","RPS19->C5AR1"
"1848","RSPO1->LGR4"
"1849","RSPO1->LGR5"
"1850","RSPO1->LGR6"
"1851","RSPO1->LRP6"
"1852","RSPO1->ZNRF3"
"1853","RSPO2->LGR4"
"1854","RSPO2->LGR5"
"1855","RSPO2->LGR6"
"1856","RSPO2->RNF43"
"1857","RSPO2->ZNRF3"
"1858","RSPO3->FZD8"
"1859","RSPO3->LGR4"
"1860","RSPO3->LGR5"
"1861","RSPO3->LGR6"
"1862","RSPO3->LRP6"
"1863","RSPO3->SDC4"
"1864","RSPO4->LGR4"
"1865","RSPO4->LGR5"
"1866","RSPO4->LGR6"
"1867","RTN4->CNTNAP1"
"1868","RTN4->LINGO1"
"1869","RTN4->RTN4R"
"1870","RTN4->RTN4RL1"
"1871","RTN4->S1PR2"
"1872","RTN4->TNFRSF19"
"1873","S100A8->TLR4"
"1874","S100A9->TLR4"
"1875","SAA1->CD36"
"1876","SAA1->FPR2"
"1877","SCGB1A1->LRP2"
"1878","SCGB3A1->MARCO"
"1879","SCGB3A2->MARCO"
"1880","SCT->SCTR"
"1881","SCT->VIPR1"
"1882","SCT->VIPR2"
"1883","SDC2->PTPRJ"
"1884","SECTM1->CD7"
"1885","SELE->CD44"
"1886","SELPLG->SELE"
"1887","SELPLG->SELL"
"1888","SELPLG->SELP"
"1889","SELPLG->SIGLEC5"
"1890","SEMA3A->NRP1"
"1891","SEMA3A->NRP2"
"1892","SEMA3A->PLXNA1"
"1893","SEMA3A->PLXNA2"
"1894","SEMA3A->PLXNA4"
"1895","SEMA3B->NRP1"
"1896","SEMA3B->NRP2"
"1897","SEMA3C->NRP1"
"1898","SEMA3C->NRP2"
"1899","SEMA3C->PLXND1"
"1900","SEMA3D->NRP1"
"1901","SEMA3E->PLXND1"
"1902","SEMA3F->NRP1"
"1903","SEMA3F->NRP2"
"1904","SEMA3F->PLXNA3"
"1905","SEMA3G->NRP2"
"1906","SEMA4A->LILRB2"
"1907","SEMA4A->PLXNB1"
"1908","SEMA4A->PLXNB2"
"1909","SEMA4A->PLXND1"
"1910","SEMA4B->DCBLD2"
"1911","SEMA4C->PLXNB2"
"1912","SEMA4D->CD72"
"1913","SEMA4D->ERBB2"
"1914","SEMA4D->MET"
"1915","SEMA4D->PLXNB1"
"1916","SEMA4D->PLXNB2"
"1917","SEMA4G->PLXNB2"
"1918","SEMA5A->MET"
"1919","SEMA5A->PLXNB3"
"1920","SEMA6A->PLXNA2"
"1921","SEMA6A->PLXNA4"
"1922","SEMA6B->PLXNA2"
"1923","SEMA6D->KDR"
"1924","SEMA6D->PLXNA1"
"1925","SEMA6D->TREM2"
"1926","SEMA6D->TYROBP"
"1927","SEMA7A->ITGA1"
"1928","SEMA7A->ITGB1"
"1929","SEMA7A->PLXNC1"
"1930","SERPINA1->LRP1"
"1931","SERPINC1->LRP1"
"1932","SERPINC1->SDC2"
"1933","SERPINE1->LRP1"
"1934","SERPINE1->LRP2"
"1935","SERPINE2->LRP1"
"1936","SERPINF1->PLXDC1"
"1937","SERPINF1->PLXDC2"
"1938","SERPING1->LRP1"
"1939","SERPING1->SELE"
"1940","SERPING1->SELP"
"1941","SERTAD1->AR"
"1942","SFRP1->FZD2"
"1943","SFRP1->FZD6"
"1944","SFRP2->FZD5"
"1945","SFTPA1->TLR2"
"1946","SFTPA2->CD93"
"1947","SFTPD->LAIR1"
"1948","SFTPD->SIRPA"
"1949","SHANK1->ADGRL1"
"1950","SHANK1->SSTR2"
"1951","SHH->BOC"
"1952","SHH->CDON"
"1953","SHH->GAS1"
"1954","SHH->GPC5"
"1955","SHH->HHIP"
"1956","SHH->LRP2"
"1957","SHH->PTCH1"
"1958","SHH->PTCH2"
"1959","SHH->SMO"
"1960","SIGLEC1->SPN"
"1961","SIRPA->CD47"
"1962","SIRPB2->CD47"
"1963","SIRPG->CD47"
"1964","SLAMF1->SLAMF1"
"1965","SLAMF6->SLAMF6"
"1966","SLAMF7->SLAMF7"
"1967","SLIT1->GPC1"
"1968","SLIT1->ROBO1"
"1969","SLIT1->ROBO2"
"1970","SLIT1->SDC1"
"1971","SLIT2->APP"
"1972","SLIT2->GPC1"
"1973","SLIT2->ROBO1"
"1974","SLIT2->ROBO2"
"1975","SLIT2->ROBO4"
"1976","SLIT2->SDC1"
"1977","SLIT3->ROBO1"
"1978","SLIT3->ROBO2"
"1979","SLIT3->ROBO4"
"1980","SLITRK1->PTPRD"
"1981","SLITRK1->PTPRS"
"1982","SLITRK2->PTPRD"
"1983","SLITRK2->PTPRS"
"1984","SLITRK3->PTPRD"
"1985","SLITRK3->PTPRS"
"1986","SLITRK5->PTPRD"
"1987","SLITRK6->PTPRS"
"1988","SLPI->PLSCR1"
"1989","SLPI->PLSCR4"
"1990","SLURP1->CHRNA7"
"1991","SNCA->LAG3"
"1992","SOST->LRP4"
"1993","SOST->LRP5"
"1994","SOST->LRP6"
"1995","SOSTDC1->LRP4"
"1996","SOSTDC1->LRP5"
"1997","SOSTDC1->LRP6"
"1998","SPINK1->EGFR"
"1999","SPN->SIGLEC1"
"2000","SPON1->APP"
"2001","SPON1->LRP8"
"2002","SPON2->ITGA4"
"2003","SPON2->ITGA5"
"2004","SPON2->ITGAM"
"2005","SPON2->ITGB1"
"2006","SPON2->ITGB2"
"2007","SPP1->CD44"
"2008","SPP1->ITGA4"
"2009","SPP1->ITGA9"
"2010","SPP1->ITGAV"
"2011","SPP1->ITGB1"
"2012","SPP1->ITGB3"
"2013","SPP1->ITGB5"
"2014","SPX->GALR2"
"2015","SPX->GALR3"
"2016","SST->SSTR1"
"2017","SST->SSTR2"
"2018","SST->SSTR3"
"2019","SST->SSTR4"
"2020","SST->SSTR5"
"2021","ST6GAL1->CD22"
"2022","TAC1->TACR1"
"2023","TAC1->TACR2"
"2024","TAC1->TACR3"
"2025","TAC3->TACR1"
"2026","TAC3->TACR2"
"2027","TAC3->TACR3"
"2028","TAC4->TACR1"
"2029","TAC4->TACR2"
"2030","TAC4->TACR3"
"2031","TAFA4->FPR1"
"2032","TCN1->CD320"
"2033","TCTN1->TMEM67"
"2034","TDGF1->ACVR1B"
"2035","TDGF1->ACVR2A"
"2036","TF->TFR2"
"2037","TF->TFRC"
"2038","TFF2->CXCR4"
"2039","TFF3->ACKR3"
"2040","TFF3->CXCR4"
"2041","TFPI->LRP1"
"2042","TFPI->VLDLR"
"2043","TG->ASGR1"
"2044","TG->LRP2"
"2045","TGFA->EGFR"
"2046","TGFA->ERBB2"
"2047","TGFA->ERBB4"
"2048","TGFB1->ACVRL1"
"2049","TGFB1->ENG"
"2050","TGFB1->ITGAV"
"2051","TGFB1->ITGB6"
"2052","TGFB1->ITGB8"
"2053","TGFB1->SDC2"
"2054","TGFB1->TGFBR1"
"2055","TGFB1->TGFBR2"
"2056","TGFB1->TGFBR3"
"2057","TGFB1->VASN"
"2058","TGFB2->ACVR1"
"2059","TGFB2->ENG"
"2060","TGFB2->TGFBR1"
"2061","TGFB2->TGFBR2"
"2062","TGFB2->TGFBR3"
"2063","TGFB3->ACVRL1"
"2064","TGFB3->ENG"
"2065","TGFB3->TGFBR1"
"2066","TGFB3->TGFBR2"
"2067","TGFB3->TGFBR3"
"2068","TGM2->ADGRG1"
"2069","TGM2->ITGB1"
"2070","TGM2->ITGB3"
"2071","TGM2->SDC4"
"2072","THBS1->CD36"
"2073","THBS1->CD47"
"2074","THBS1->ITGA2B"
"2075","THBS1->ITGA3"
"2076","THBS1->ITGA4"
"2077","THBS1->ITGA6"
"2078","THBS1->ITGB1"
"2079","THBS1->ITGB3"
"2080","THBS1->LRP1"
"2081","THBS1->PTPRJ"
"2082","THBS1->SDC1"
"2083","THBS1->SDC4"
"2084","THBS1->TNFRSF11B"
"2085","THBS2->CD47"
"2086","THBS2->ITGA4"
"2087","THBS2->ITGA6"
"2088","THBS2->ITGB1"
"2089","THBS2->NOTCH3"
"2090","THPO->MPL"
"2091","TIGIT->NECTIN2"
"2092","TIGIT->PVR"
"2093","TIMD4->HAVCR1"
"2094","TIMP1->CD63"
"2095","TIMP2->ITGA3"
"2096","TIMP2->ITGB1"
"2097","TIMP3->AGTR2"
"2098","TIMP3->KDR"
"2099","TNC->CNTN1"
"2100","TNC->EGFR"
"2101","TNC->ITGA7"
"2102","TNC->ITGAV"
"2103","TNC->ITGB1"
"2104","TNC->ITGB3"
"2105","TNC->PTPRB"
"2106","TNC->PTPRZ1"
"2107","TNF->TNFRSF1A"
"2108","TNF->TNFRSF1B"
"2109","TNF->TNFRSF21"
"2110","TNFRSF14->BTLA"
"2111","TNFRSF14->CD160"
"2112","TNFSF10->TNFRSF10A"
"2113","TNFSF10->TNFRSF10B"
"2114","TNFSF10->TNFRSF10C"
"2115","TNFSF10->TNFRSF10D"
"2116","TNFSF10->TNFRSF11B"
"2117","TNFSF11->TNFRSF11A"
"2118","TNFSF11->TNFRSF11B"
"2119","TNFSF12->CD163"
"2120","TNFSF12->TNFRSF12A"
"2121","TNFSF13->FAS"
"2122","TNFSF13->SDC2"
"2123","TNFSF13->TNFRSF11B"
"2124","TNFSF13->TNFRSF13B"
"2125","TNFSF13->TNFRSF14"
"2126","TNFSF13->TNFRSF17"
"2127","TNFSF13->TNFRSF1A"
"2128","TNFSF13B->TNFRSF13B"
"2129","TNFSF13B->TNFRSF13C"
"2130","TNFSF13B->TNFRSF17"
"2131","TNFSF14->LTBR"
"2132","TNFSF14->TNFRSF14"
"2133","TNFSF14->TNFRSF6B"
"2134","TNFSF15->TNFRSF25"
"2135","TNFSF15->TNFRSF6B"
"2136","TNFSF18->TNFRSF18"
"2137","TNFSF4->TNFRSF4"
"2138","TNFSF8->TNFRSF8"
"2139","TNFSF9->TNFRSF9"
"2140","TOR2A->ATP5F1B"
"2141","TRH->TRHR"
"2142","TSHB->TSHR"
"2143","TSLP->CRLF2"
"2144","TSLP->IL7R"
"2145","UCN->CRHR1"
"2146","UCN->CRHR2"
"2147","UCN2->CRHR1"
"2148","UCN2->CRHR2"
"2149","UCN2->IL10RB"
"2150","UCN3->CRHR1"
"2151","UCN3->CRHR2"
"2152","UCN3->IL10RB"
"2153","ULBP1->KLRK1"
"2154","ULBP2->KLRK1"
"2155","ULBP3->KLRK1"
"2156","UTS2->UTS2R"
"2157","UTS2B->UTS2R"
"2158","VASP->CXCR2"
"2159","VCAM1->ITGA4"
"2160","VCAM1->ITGA9"
"2161","VCAM1->ITGAD"
"2162","VCAM1->ITGB1"
"2163","VCAM1->ITGB2"
"2164","VCAM1->ITGB7"
"2165","VCAN->CD44"
"2166","VCAN->EGFR"
"2167","VCAN->ITGB1"
"2168","VCAN->SELP"
"2169","VCAN->TLR2"
"2170","VEGFA->FLT1"
"2171","VEGFA->GPC1"
"2172","VEGFA->KDR"
"2173","VEGFA->NRP1"
"2174","VEGFA->NRP2"
"2175","VEGFB->FLT1"
"2176","VEGFB->NRP1"
"2177","VEGFC->FLT4"
"2178","VEGFC->KDR"
"2179","VEGFC->NRP2"
"2180","VEGFC->VIPR2"
"2181","VEGFD->FLT4"
"2182","VEGFD->ITGA9"
"2183","VEGFD->KDR"
"2184","VEGFD->NRP2"
"2185","VIM->CD44"
"2186","VIP->ADCYAP1R1"
"2187","VIP->SCTR"
"2188","VIP->VIPR1"
"2189","VIP->VIPR2"
"2190","VTN->ITGA5"
"2191","VTN->ITGA8"
"2192","VTN->ITGAV"
"2193","VTN->ITGB3"
"2194","VTN->ITGB6"
"2195","VTN->ITGB8"
"2196","VTN->PLAUR"
"2197","VTN->PVR"
"2198","VTN->TNFRSF11B"
"2199","VWF->GP1BA"
"2200","VWF->ITGA2B"
"2201","VWF->TNFRSF11B"
"2202","WNT1->FZD1"
"2203","WNT1->FZD10"
"2204","WNT1->FZD2"
"2205","WNT1->FZD3"
"2206","WNT1->FZD4"
"2207","WNT1->FZD8"
"2208","WNT1->FZD9"
"2209","WNT1->LRP6"
"2210","WNT1->ROR2"
"2211","WNT1->RYK"
"2212","WNT10A->FZD1"
"2213","WNT10A->FZD5"
"2214","WNT10A->FZD8"
"2215","WNT10B->FZD7"
"2216","WNT11->FZD7"
"2217","WNT11->FZD8"
"2218","WNT16->FZD2"
"2219","WNT16->LRP5"
"2220","WNT2->FZD1"
"2221","WNT2->FZD2"
"2222","WNT2->FZD3"
"2223","WNT2->FZD4"
"2224","WNT2->FZD5"
"2225","WNT2->FZD7"
"2226","WNT2->FZD8"
"2227","WNT2->FZD9"
"2228","WNT2B->FZD4"
"2229","WNT2B->FZD7"
"2230","WNT3->FZD1"
"2231","WNT3->FZD7"
"2232","WNT3->FZD8"
"2233","WNT3->LRP6"
"2234","WNT3->RYK"
"2235","WNT3A->APCDD1"
"2236","WNT3A->FZD1"
"2237","WNT3A->FZD10"
"2238","WNT3A->FZD2"
"2239","WNT3A->FZD5"
"2240","WNT3A->FZD6"
"2241","WNT3A->FZD7"
"2242","WNT3A->FZD8"
"2243","WNT3A->LRP1"
"2244","WNT3A->LRP6"
"2245","WNT3A->RYK"
"2246","WNT4->FZD2"
"2247","WNT4->FZD6"
"2248","WNT5A->FZD1"
"2249","WNT5A->FZD2"
"2250","WNT5A->FZD3"
"2251","WNT5A->FZD4"
"2252","WNT5A->FZD5"
"2253","WNT5A->FZD6"
"2254","WNT5A->FZD7"
"2255","WNT5A->FZD8"
"2256","WNT5A->LRP5"
"2257","WNT5A->MCAM"
"2258","WNT5A->ROR1"
"2259","WNT5A->ROR2"
"2260","WNT5A->RYK"
"2261","WNT5B->FZD2"
"2262","WNT5B->FZD8"
"2263","WNT6->FZD7"
"2264","WNT7A->FZD1"
"2265","WNT7A->FZD10"
"2266","WNT7A->FZD5"
"2267","WNT7A->FZD9"
"2268","WNT7B->FZD1"
"2269","WNT7B->FZD10"
"2270","WNT7B->FZD4"
"2271","WNT7B->FZD5"
"2272","WNT7B->FZD8"
"2273","WNT7B->LRP5"
"2274","WNT8A->FZD4"
"2275","WNT8A->FZD5"
"2276","WNT8A->FZD8"
"2277","WNT9A->FZD10"
"2278","WNT9A->FZD4"
"2279","WNT9B->FZD10"
"2280","WNT9B->FZD4"
"2281","WNT9B->FZD5"
"2282","WNT9B->FZD8"
"2283","XCL1->XCR1"
"2284","XCL2->XCR1"
"2285","YBX1->NOTCH1"
"2286","ZG16B->CXCR4"
"2287","ZG16B->TLR2"
"2288","ZG16B->TLR4"
"2289","ZG16B->TLR5"
"2290","ZG16B->TLR6"
"2291","ZP3->CHRNA7"
"2292","ZP3->EGFR"
"2293","ZP3->MERTK"
